Open,High,Low,Close,Volume,Adj Close
61.129999,14.100003,64.139999,64.620003,21705200,64.630003
62.219998,24.230003,64.190002,64.620003,20235200,64.610003
63.330002,34.389999,64.050003,64.360001,19259700,64.380001
64.410001,44.449997,64.449997,64.489998,19384900,64.419998
65.570001,54.590002,64.300003,64.620003,21234600,64.620003
66.610001,64.649997,64.449997,64.489998,19384900,64.489998
67.770001,74.790002,64.300003,64.620003,21234600,64.620003